Model,Top3_Accuracy
RandomForest,0.9683995922528033
GradientBoosting,0.9510703363914373
KNN,0.9520897043832823
CatBoost,0.9571865443425076
